"Type","V1","yearqtr"
"BHC",72,1960-03-31
"FBO as BHC",7,1960-03-31
"SLHC",12,1960-03-31
"FHC - Foreign",1,1960-03-31
"BHC",75,1960-06-30
"FBO as BHC",7,1960-06-30
"SLHC",12,1960-06-30
"FHC - Foreign",1,1960-06-30
"BHC",75,1960-09-30
"FBO as BHC",7,1960-09-30
"SLHC",12,1960-09-30
"FHC - Foreign",1,1960-09-30
"BHC",78,1960-12-31
"FBO as BHC",7,1960-12-31
"SLHC",12,1960-12-31
"FHC - Foreign",1,1960-12-31
"BHC",82,1961-03-31
"FBO as BHC",7,1961-03-31
"SLHC",12,1961-03-31
"FHC - Foreign",1,1961-03-31
"BHC",89,1961-06-30
"FBO as BHC",7,1961-06-30
"SLHC",12,1961-06-30
"FHC - Foreign",1,1961-06-30
"BHC",95,1961-09-30
"FBO as BHC",7,1961-09-30
"SLHC",12,1961-09-30
"FHC - Foreign",1,1961-09-30
"BHC",99,1961-12-31
"FBO as BHC",7,1961-12-31
"SLHC",12,1961-12-31
"FHC - Foreign",1,1961-12-31
"BHC",103,1962-03-31
"FBO as BHC",7,1962-03-31
"SLHC",12,1962-03-31
"FHC - Foreign",1,1962-03-31
"BHC",106,1962-06-30
"FBO as BHC",7,1962-06-30
"SLHC",12,1962-06-30
"FHC - Foreign",1,1962-06-30
"BHC",110,1962-09-30
"FBO as BHC",7,1962-09-30
"SLHC",12,1962-09-30
"FHC - Foreign",1,1962-09-30
"BHC",115,1962-12-31
"FBO as BHC",7,1962-12-31
"SLHC",12,1962-12-31
"FHC - Foreign",1,1962-12-31
"BHC",119,1963-03-31
"FBO as BHC",7,1963-03-31
"SLHC",12,1963-03-31
"FHC - Foreign",1,1963-03-31
"BHC",125,1963-06-30
"FBO as BHC",8,1963-06-30
"SLHC",12,1963-06-30
"FHC - Foreign",1,1963-06-30
"BHC",130,1963-09-30
"FBO as BHC",8,1963-09-30
"SLHC",12,1963-09-30
"FHC - Foreign",1,1963-09-30
"BHC",132,1963-12-31
"FBO as BHC",9,1963-12-31
"SLHC",12,1963-12-31
"FHC - Foreign",1,1963-12-31
"BHC",140,1964-03-31
"FBO as BHC",9,1964-03-31
"SLHC",12,1964-03-31
"FHC - Foreign",1,1964-03-31
"BHC",148,1964-06-30
"FBO as BHC",9,1964-06-30
"SLHC",12,1964-06-30
"FHC - Foreign",1,1964-06-30
"BHC",155,1964-09-30
"FBO as BHC",9,1964-09-30
"SLHC",12,1964-09-30
"FHC - Foreign",1,1964-09-30
"BHC",165,1964-12-31
"FBO as BHC",9,1964-12-31
"SLHC",12,1964-12-31
"FHC - Foreign",1,1964-12-31
"BHC",174,1965-03-31
"FBO as BHC",9,1965-03-31
"SLHC",12,1965-03-31
"FHC - Foreign",1,1965-03-31
"BHC",182,1965-06-30
"FBO as BHC",9,1965-06-30
"SLHC",12,1965-06-30
"FHC - Foreign",1,1965-06-30
"BHC",183,1965-09-30
"FBO as BHC",9,1965-09-30
"SLHC",12,1965-09-30
"FHC - Foreign",1,1965-09-30
"BHC",189,1965-12-31
"FBO as BHC",9,1965-12-31
"SLHC",12,1965-12-31
"FHC - Foreign",1,1965-12-31
"BHC",194,1966-03-31
"FBO as BHC",9,1966-03-31
"SLHC",12,1966-03-31
"FHC - Foreign",1,1966-03-31
"BHC",201,1966-06-30
"FBO as BHC",9,1966-06-30
"SLHC",12,1966-06-30
"FHC - Foreign",1,1966-06-30
"BHC",209,1966-09-30
"FBO as BHC",11,1966-09-30
"SLHC",12,1966-09-30
"FHC - Foreign",1,1966-09-30
"BHC",212,1966-12-31
"FBO as BHC",11,1966-12-31
"SLHC",12,1966-12-31
"FHC - Foreign",1,1966-12-31
"BHC",220,1967-03-31
"FBO as BHC",11,1967-03-31
"SLHC",12,1967-03-31
"FHC - Foreign",1,1967-03-31
"BHC",238,1967-06-30
"FBO as BHC",11,1967-06-30
"SLHC",12,1967-06-30
"FHC - Foreign",1,1967-06-30
"BHC",244,1967-09-30
"FBO as BHC",11,1967-09-30
"SLHC",12,1967-09-30
"FHC - Foreign",1,1967-09-30
"BHC",258,1967-12-31
"FBO as BHC",11,1967-12-31
"SLHC",12,1967-12-31
"FHC - Foreign",1,1967-12-31
"BHC",268,1968-03-31
"FBO as BHC",11,1968-03-31
"SLHC",12,1968-03-31
"FHC - Foreign",1,1968-03-31
"BHC",290,1968-06-30
"FBO as BHC",11,1968-06-30
"SLHC",14,1968-06-30
"FHC - Foreign",1,1968-06-30
"BHC",309,1968-09-30
"FBO as BHC",11,1968-09-30
"SLHC",15,1968-09-30
"FHC - Foreign",1,1968-09-30
"BHC",329,1968-12-31
"FBO as BHC",11,1968-12-31
"SLHC",15,1968-12-31
"FHC - Foreign",1,1968-12-31
"BHC",362,1969-03-31
"FBO as BHC",11,1969-03-31
"SLHC",15,1969-03-31
"FHC - Foreign",1,1969-03-31
"BHC",395,1969-06-30
"FBO as BHC",11,1969-06-30
"SLHC",16,1969-06-30
"FHC - Foreign",1,1969-06-30
"BHC",418,1969-09-30
"FBO as BHC",12,1969-09-30
"SLHC",16,1969-09-30
"FHC - Foreign",1,1969-09-30
"BHC",451,1969-12-31
"FBO as BHC",12,1969-12-31
"SLHC",16,1969-12-31
"FHC - Foreign",1,1969-12-31
"BHC",470,1970-03-31
"FBO as BHC",12,1970-03-31
"SLHC",16,1970-03-31
"FHC - Foreign",1,1970-03-31
"BHC",509,1970-06-30
"FBO as BHC",12,1970-06-30
"SLHC",16,1970-06-30
"FHC - Foreign",1,1970-06-30
"BHC",535,1970-09-30
"FBO as BHC",12,1970-09-30
"SLHC",16,1970-09-30
"FHC - Foreign",1,1970-09-30
"BHC",1525,1970-12-31
"FBO as BHC",27,1970-12-31
"SLHC",16,1970-12-31
"FHC - Foreign",1,1970-12-31
"BHC",1540,1971-03-31
"FBO as BHC",27,1971-03-31
"SLHC",16,1971-03-31
"FHC - Foreign",1,1971-03-31
"BHC",1548,1971-06-30
"FBO as BHC",27,1971-06-30
"SLHC",16,1971-06-30
"FHC - Foreign",1,1971-06-30
"BHC",1559,1971-09-30
"FBO as BHC",28,1971-09-30
"SLHC",16,1971-09-30
"FHC - Foreign",1,1971-09-30
"BHC",1553,1971-12-31
"FBO as BHC",28,1971-12-31
"SLHC",16,1971-12-31
"FHC - Foreign",1,1971-12-31
"BHC",1555,1972-03-31
"FBO as BHC",30,1972-03-31
"SLHC",16,1972-03-31
"FHC - Foreign",1,1972-03-31
"BHC",1550,1972-06-30
"FBO as BHC",32,1972-06-30
"SLHC",16,1972-06-30
"FHC - Foreign",1,1972-06-30
"BHC",1555,1972-09-30
"FBO as BHC",32,1972-09-30
"SLHC",16,1972-09-30
"FHC - Foreign",1,1972-09-30
"BHC",1557,1972-12-31
"FBO as BHC",32,1972-12-31
"SLHC",16,1972-12-31
"FHC - Foreign",1,1972-12-31
"BHC",1570,1973-03-31
"FBO as BHC",31,1973-03-31
"SLHC",16,1973-03-31
"FHC - Foreign",1,1973-03-31
"BHC",1593,1973-06-30
"FBO as BHC",30,1973-06-30
"SLHC",16,1973-06-30
"FHC - Foreign",1,1973-06-30
"BHC",1605,1973-09-30
"FBO as BHC",30,1973-09-30
"SLHC",16,1973-09-30
"FHC - Foreign",1,1973-09-30
"BHC",1610,1973-12-31
"FBO as BHC",32,1973-12-31
"SLHC",16,1973-12-31
"FHC - Foreign",1,1973-12-31
"BHC",1623,1974-03-31
"FBO as BHC",33,1974-03-31
"SLHC",16,1974-03-31
"FHC - Foreign",1,1974-03-31
"BHC",1643,1974-06-30
"FBO as BHC",33,1974-06-30
"SLHC",16,1974-06-30
"FHC - Foreign",1,1974-06-30
"BHC",1659,1974-09-30
"FBO as BHC",34,1974-09-30
"SLHC",16,1974-09-30
"FHC - Foreign",1,1974-09-30
"BHC",1683,1974-12-31
"FBO as BHC",37,1974-12-31
"SLHC",16,1974-12-31
"FHC - Foreign",1,1974-12-31
"BHC",1697,1975-03-31
"FBO as BHC",37,1975-03-31
"SLHC",16,1975-03-31
"FHC - Foreign",1,1975-03-31
"BHC",1726,1975-06-30
"FBO as BHC",39,1975-06-30
"SLHC",16,1975-06-30
"FHC - Foreign",1,1975-06-30
"BHC",1746,1975-09-30
"FBO as BHC",39,1975-09-30
"SLHC",16,1975-09-30
"FHC - Foreign",1,1975-09-30
"BHC",1766,1975-12-31
"FBO as BHC",39,1975-12-31
"SLHC",16,1975-12-31
"FHC - Foreign",1,1975-12-31
"BHC",1779,1976-03-31
"FBO as BHC",40,1976-03-31
"SLHC",16,1976-03-31
"FHC - Foreign",1,1976-03-31
"BHC",1805,1976-06-30
"FBO as BHC",40,1976-06-30
"SLHC",16,1976-06-30
"FHC - Foreign",1,1976-06-30
"BHC",1830,1976-09-30
"FBO as BHC",41,1976-09-30
"SLHC",16,1976-09-30
"FHC - Foreign",1,1976-09-30
"BHC",1860,1976-12-31
"FBO as BHC",41,1976-12-31
"SLHC",17,1976-12-31
"FHC - Foreign",1,1976-12-31
"BHC",1888,1977-03-31
"FBO as BHC",44,1977-03-31
"SLHC",17,1977-03-31
"FHC - Foreign",1,1977-03-31
"BHC",1905,1977-06-30
"FBO as BHC",45,1977-06-30
"SLHC",17,1977-06-30
"FHC - Foreign",1,1977-06-30
"BHC",1923,1977-09-30
"FBO as BHC",48,1977-09-30
"SLHC",17,1977-09-30
"FHC - Foreign",1,1977-09-30
"BHC",1964,1977-12-31
"FBO as BHC",50,1977-12-31
"SLHC",18,1977-12-31
"FHC - Foreign",1,1977-12-31
"BHC",2007,1978-03-31
"FBO as BHC",50,1978-03-31
"SLHC",18,1978-03-31
"FHC - Foreign",1,1978-03-31
"BHC",2051,1978-06-30
"FBO as BHC",54,1978-06-30
"SLHC",19,1978-06-30
"FHC - Foreign",1,1978-06-30
"BHC",2100,1978-09-30
"FBO as BHC",54,1978-09-30
"SLHC",19,1978-09-30
"FHC - Foreign",1,1978-09-30
"BHC",2155,1978-12-31
"FBO as BHC",54,1978-12-31
"SLHC",19,1978-12-31
"FHC - Foreign",1,1978-12-31
"BHC",2204,1979-03-31
"FBO as BHC",53,1979-03-31
"SLHC",19,1979-03-31
"FHC - Foreign",1,1979-03-31
"BHC",2259,1979-06-30
"FBO as BHC",55,1979-06-30
"SLHC",19,1979-06-30
"FHC - Foreign",1,1979-06-30
"BHC",2328,1979-09-30
"FBO as BHC",57,1979-09-30
"SLHC",19,1979-09-30
"FHC - Foreign",1,1979-09-30
"BHC",2419,1979-12-31
"FBO as BHC",57,1979-12-31
"SLHC",20,1979-12-31
"FHC - Foreign",1,1979-12-31
"BHC",2542,1980-03-31
"SLHC",22,1980-03-31
"FBO as BHC",59,1980-03-31
"FHC - Foreign",1,1980-03-31
"BHC",2644,1980-06-30
"SLHC",22,1980-06-30
"FBO as BHC",59,1980-06-30
"FHC - Foreign",1,1980-06-30
"BHC",2764,1980-09-30
"SLHC",22,1980-09-30
"FBO as BHC",59,1980-09-30
"FHC - Foreign",1,1980-09-30
"BHC",2972,1980-12-31
"SLHC",22,1980-12-31
"FBO as BHC",60,1980-12-31
"FHC - Foreign",1,1980-12-31
"BHC",3090,1981-03-31
"SLHC",23,1981-03-31
"FBO as BHC",66,1981-03-31
"FHC - Foreign",1,1981-03-31
"BHC",3229,1981-06-30
"SLHC",24,1981-06-30
"FBO as BHC",66,1981-06-30
"FHC - Foreign",1,1981-06-30
"BHC",3397,1981-09-30
"SLHC",25,1981-09-30
"FBO as BHC",67,1981-09-30
"FHC - Foreign",1,1981-09-30
"BHC",3624,1981-12-31
"SLHC",25,1981-12-31
"FBO as BHC",68,1981-12-31
"FHC - Foreign",1,1981-12-31
"BHC",3812,1982-03-31
"SLHC",25,1982-03-31
"FBO as BHC",70,1982-03-31
"FHC - Foreign",1,1982-03-31
"BHC",4018,1982-06-30
"SLHC",25,1982-06-30
"FBO as BHC",75,1982-06-30
"FHC - Foreign",1,1982-06-30
"BHC",4229,1982-09-30
"SLHC",25,1982-09-30
"FBO as BHC",76,1982-09-30
"FHC - Foreign",2,1982-09-30
"BHC",4465,1982-12-31
"SLHC",26,1982-12-31
"FBO as BHC",77,1982-12-31
"FHC - Foreign",2,1982-12-31
"BHC",4687,1983-03-31
"SLHC",27,1983-03-31
"FBO as BHC",78,1983-03-31
"FHC - Foreign",2,1983-03-31
"BHC",4878,1983-06-30
"SLHC",27,1983-06-30
"FBO as BHC",79,1983-06-30
"FHC - Foreign",2,1983-06-30
"BHC",5084,1983-09-30
"SLHC",27,1983-09-30
"FBO as BHC",80,1983-09-30
"FHC - Foreign",2,1983-09-30
"BHC",5298,1983-12-31
"SLHC",28,1983-12-31
"FBO as BHC",81,1983-12-31
"FHC - Foreign",2,1983-12-31
"BHC",5460,1984-03-31
"SLHC",29,1984-03-31
"FBO as BHC",84,1984-03-31
"FHC - Foreign",2,1984-03-31
"BHC",5646,1984-06-30
"SLHC",29,1984-06-30
"FBO as BHC",83,1984-06-30
"FHC - Foreign",2,1984-06-30
"BHC",5810,1984-09-30
"SLHC",30,1984-09-30
"FBO as BHC",83,1984-09-30
"FHC - Foreign",2,1984-09-30
"BHC",5973,1984-12-31
"SLHC",31,1984-12-31
"FBO as BHC",86,1984-12-31
"FHC - Foreign",2,1984-12-31
"BHC",6095,1985-03-31
"SLHC",31,1985-03-31
"FBO as BHC",86,1985-03-31
"FHC - Foreign",2,1985-03-31
"BHC",6164,1985-06-30
"SLHC",33,1985-06-30
"FBO as BHC",85,1985-06-30
"FHC - Foreign",2,1985-06-30
"BHC",6252,1985-09-30
"SLHC",33,1985-09-30
"FBO as BHC",85,1985-09-30
"FHC - Foreign",2,1985-09-30
"BHC",6310,1985-12-31
"SLHC",39,1985-12-31
"FBO as BHC",84,1985-12-31
"FHC - Foreign",2,1985-12-31
"BHC",6342,1986-03-31
"SLHC",39,1986-03-31
"FBO as BHC",86,1986-03-31
"FHC - Foreign",2,1986-03-31
"BHC",6377,1986-06-30
"SLHC",39,1986-06-30
"FBO as BHC",88,1986-06-30
"FHC - Foreign",2,1986-06-30
"BHC",6384,1986-09-30
"SLHC",41,1986-09-30
"FBO as BHC",85,1986-09-30
"FHC - Foreign",2,1986-09-30
"BHC",6364,1986-12-31
"SLHC",43,1986-12-31
"FBO as BHC",84,1986-12-31
"FHC - Foreign",2,1986-12-31
"BHC",6357,1987-03-31
"SLHC",45,1987-03-31
"FBO as BHC",89,1987-03-31
"FHC - Foreign",2,1987-03-31
"BHC",6368,1987-06-30
"SLHC",45,1987-06-30
"FBO as BHC",87,1987-06-30
"FHC - Foreign",2,1987-06-30
"BHC",6401,1987-09-30
"SLHC",47,1987-09-30
"FBO as BHC",88,1987-09-30
"FHC - Foreign",2,1987-09-30
"BHC",6406,1987-12-31
"SLHC",49,1987-12-31
"FBO as BHC",90,1987-12-31
"FHC - Foreign",2,1987-12-31
"BHC",6409,1988-03-31
"SLHC",51,1988-03-31
"FBO as BHC",90,1988-03-31
"FHC - Foreign",2,1988-03-31
"BHC",6408,1988-06-30
"SLHC",53,1988-06-30
"FBO as BHC",90,1988-06-30
"FHC - Foreign",2,1988-06-30
"BHC",6405,1988-09-30
"SLHC",59,1988-09-30
"FBO as BHC",91,1988-09-30
"FHC - Foreign",2,1988-09-30
"BHC",6424,1988-12-31
"SLHC",67,1988-12-31
"FBO as BHC",92,1988-12-31
"FHC - Foreign",2,1988-12-31
"BHC",6423,1989-03-31
"SLHC",71,1989-03-31
"FBO as BHC",92,1989-03-31
"FHC - Foreign",2,1989-03-31
"BHC",6430,1989-06-30
"SLHC",73,1989-06-30
"FBO as BHC",92,1989-06-30
"FHC - Foreign",2,1989-06-30
"BHC",6412,1989-09-30
"SLHC",74,1989-09-30
"FBO as BHC",93,1989-09-30
"FHC - Foreign",2,1989-09-30
"BHC",6411,1989-12-31
"SLHC",76,1989-12-31
"FBO as BHC",92,1989-12-31
"FHC - Foreign",2,1989-12-31
"BHC",6400,1990-03-31
"SLHC",77,1990-03-31
"FBO as BHC",91,1990-03-31
"FHC - Foreign",2,1990-03-31
"BHC",6393,1990-06-30
"SLHC",79,1990-06-30
"FBO as BHC",92,1990-06-30
"FHC - Foreign",2,1990-06-30
"BHC",6395,1990-09-30
"SLHC",81,1990-09-30
"FBO as BHC",94,1990-09-30
"FHC - Foreign",2,1990-09-30
"BHC",6393,1990-12-31
"SLHC",82,1990-12-31
"FBO as BHC",94,1990-12-31
"FHC - Foreign",2,1990-12-31
"BHC",6392,1991-03-31
"SLHC",84,1991-03-31
"FBO as BHC",96,1991-03-31
"FHC - Foreign",2,1991-03-31
"BHC",6390,1991-06-30
"SLHC",88,1991-06-30
"FBO as BHC",97,1991-06-30
"FHC - Foreign",2,1991-06-30
"BHC",6392,1991-09-30
"SLHC",87,1991-09-30
"FBO as BHC",93,1991-09-30
"FHC - Foreign",2,1991-09-30
"BHC",6368,1991-12-31
"SLHC",87,1991-12-31
"FBO as BHC",85,1991-12-31
"FHC - Foreign",2,1991-12-31
"BHC",6344,1992-03-31
"SLHC",89,1992-03-31
"FBO as BHC",86,1992-03-31
"FHC - Foreign",2,1992-03-31
"BHC",6308,1992-06-30
"SLHC",89,1992-06-30
"FBO as BHC",86,1992-06-30
"FHC - Foreign",2,1992-06-30
"BHC",6308,1992-09-30
"SLHC",87,1992-09-30
"FBO as BHC",86,1992-09-30
"FHC - Foreign",2,1992-09-30
"BHC",6266,1992-12-31
"SLHC",87,1992-12-31
"FBO as BHC",85,1992-12-31
"FHC - Foreign",2,1992-12-31
"BHC",6224,1993-03-31
"SLHC",89,1993-03-31
"FBO as BHC",85,1993-03-31
"FHC - Foreign",2,1993-03-31
"BHC",6180,1993-06-30
"SLHC",91,1993-06-30
"FBO as BHC",85,1993-06-30
"FHC - Foreign",2,1993-06-30
"BHC",6163,1993-09-30
"SLHC",95,1993-09-30
"FBO as BHC",84,1993-09-30
"FHC - Foreign",2,1993-09-30
"BHC",6136,1993-12-31
"SLHC",99,1993-12-31
"FBO as BHC",81,1993-12-31
"FHC - Foreign",2,1993-12-31
"BHC",6105,1994-03-31
"SLHC",99,1994-03-31
"FBO as BHC",87,1994-03-31
"FHC - Foreign",2,1994-03-31
"BHC",6076,1994-06-30
"SLHC",103,1994-06-30
"FBO as BHC",87,1994-06-30
"FHC - Foreign",2,1994-06-30
"SLHC",107,1994-09-30
"BHC",6046,1994-09-30
"FBO as BHC",86,1994-09-30
"FHC - Foreign",2,1994-09-30
"SLHC",111,1994-12-31
"BHC",6043,1994-12-31
"FBO as BHC",85,1994-12-31
"FHC - Foreign",2,1994-12-31
"SLHC",125,1995-03-31
"BHC",6027,1995-03-31
"FBO as BHC",82,1995-03-31
"FHC - Foreign",2,1995-03-31
"SLHC",133,1995-06-30
"BHC",6035,1995-06-30
"FBO as BHC",82,1995-06-30
"FHC - Foreign",2,1995-06-30
"SLHC",144,1995-09-30
"BHC",6043,1995-09-30
"FBO as BHC",82,1995-09-30
"FHC - Foreign",2,1995-09-30
"SLHC",151,1995-12-31
"BHC",6058,1995-12-31
"FBO as BHC",90,1995-12-31
"FHC - Foreign",2,1995-12-31
"SLHC",160,1996-03-31
"BHC",6052,1996-03-31
"FBO as BHC",87,1996-03-31
"FHC - Foreign",2,1996-03-31
"SLHC",163,1996-06-30
"BHC",6044,1996-06-30
"FBO as BHC",83,1996-06-30
"FHC - Foreign",2,1996-06-30
"SLHC",172,1996-09-30
"BHC",6037,1996-09-30
"FBO as BHC",85,1996-09-30
"FHC - Foreign",2,1996-09-30
"SLHC",168,1996-12-31
"BHC",6027,1996-12-31
"FBO as BHC",84,1996-12-31
"FHC - Foreign",2,1996-12-31
"SLHC",171,1997-03-31
"BHC",6040,1997-03-31
"FBO as BHC",80,1997-03-31
"FHC - Foreign",2,1997-03-31
"SLHC",181,1997-06-30
"BHC",6017,1997-06-30
"FBO as BHC",81,1997-06-30
"FHC - Foreign",2,1997-06-30
"SLHC",187,1997-09-30
"BHC",6028,1997-09-30
"FBO as BHC",83,1997-09-30
"FHC - Foreign",2,1997-09-30
"SLHC",191,1997-12-31
"BHC",6048,1997-12-31
"FBO as BHC",80,1997-12-31
"FHC - Foreign",2,1997-12-31
"SLHC",197,1998-03-31
"BHC",5991,1998-03-31
"FBO as BHC",67,1998-03-31
"FHC - Foreign",2,1998-03-31
"SLHC",212,1998-06-30
"BHC",5986,1998-06-30
"FBO as BHC",65,1998-06-30
"FHC - Foreign",2,1998-06-30
"SLHC",253,1998-09-30
"BHC",5956,1998-09-30
"FBO as BHC",64,1998-09-30
"FHC - Foreign",2,1998-09-30
"FHC - Domestic",1,1998-09-30
"SLHC",261,1998-12-31
"BHC",5915,1998-12-31
"FBO as BHC",61,1998-12-31
"FHC - Foreign",2,1998-12-31
"FHC - Domestic",1,1998-12-31
"SLHC",267,1999-03-31
"BHC",5923,1999-03-31
"FBO as BHC",60,1999-03-31
"FHC - Foreign",2,1999-03-31
"FHC - Domestic",1,1999-03-31
"SLHC",286,1999-06-30
"BHC",5935,1999-06-30
"FBO as BHC",61,1999-06-30
"FHC - Foreign",2,1999-06-30
"FHC - Domestic",1,1999-06-30
"SLHC",294,1999-09-30
"BHC",5920,1999-09-30
"FBO as BHC",61,1999-09-30
"FHC - Domestic",2,1999-09-30
"FHC - Foreign",2,1999-09-30
"SLHC",300,1999-12-31
"BHC",5912,1999-12-31
"FBO as BHC",59,1999-12-31
"FHC - Domestic",2,1999-12-31
"FHC - Foreign",2,1999-12-31
"SLHC",313,2000-03-31
"BHC",5720,2000-03-31
"FHC - Domestic",175,2000-03-31
"FBO as BHC",48,2000-03-31
"FHC - Foreign",21,2000-03-31
"SLHC",330,2000-06-30
"BHC",5505,2000-06-30
"FHC - Domestic",386,2000-06-30
"FBO as BHC",45,2000-06-30
"FHC - Foreign",24,2000-06-30
"SLHC",342,2000-09-30
"BHC",5413,2000-09-30
"FHC - Domestic",478,2000-09-30
"FBO as BHC",47,2000-09-30
"FHC - Foreign",25,2000-09-30
"SLHC",350,2000-12-31
"BHC",5352,2000-12-31
"FHC - Domestic",541,2000-12-31
"FBO as BHC",49,2000-12-31
"FHC - Foreign",25,2000-12-31
"SLHC",372,2001-03-31
"BHC",5325,2001-03-31
"FHC - Domestic",575,2001-03-31
"FBO as BHC",49,2001-03-31
"FHC - Foreign",25,2001-03-31
"SLHC",385,2001-06-30
"BHC",5287,2001-06-30
"FHC - Domestic",618,2001-06-30
"FBO as BHC",53,2001-06-30
"FHC - Foreign",26,2001-06-30
"SLHC",394,2001-09-30
"BHC",5256,2001-09-30
"FHC - Domestic",640,2001-09-30
"FBO as BHC",53,2001-09-30
"FHC - Foreign",26,2001-09-30
"SLHC",411,2001-12-31
"BHC",5247,2001-12-31
"FHC - Domestic",658,2001-12-31
"FBO as BHC",52,2001-12-31
"FHC - Foreign",26,2001-12-31
"SLHC",414,2002-03-31
"BHC",5231,2002-03-31
"FHC - Domestic",667,2002-03-31
"FBO as BHC",49,2002-03-31
"FHC - Foreign",27,2002-03-31
"SLHC",433,2002-06-30
"BHC",5229,2002-06-30
"FHC - Domestic",673,2002-06-30
"FBO as BHC",49,2002-06-30
"FHC - Foreign",27,2002-06-30
"SLHC",437,2002-09-30
"BHC",5224,2002-09-30
"FHC - Domestic",679,2002-09-30
"FBO as BHC",51,2002-09-30
"FHC - Foreign",28,2002-09-30
"SLHC",446,2002-12-31
"BHC",5203,2002-12-31
"FHC - Domestic",694,2002-12-31
"FBO as BHC",53,2002-12-31
"FHC - Foreign",30,2002-12-31
"SLHC",458,2003-03-31
"BHC",5206,2003-03-31
"FHC - Domestic",696,2003-03-31
"FBO as BHC",55,2003-03-31
"FHC - Foreign",30,2003-03-31
"SLHC",460,2003-06-30
"BHC",5201,2003-06-30
"FHC - Domestic",699,2003-06-30
"FBO as BHC",55,2003-06-30
"FHC - Foreign",30,2003-06-30
"SLHC",465,2003-09-30
"BHC",5224,2003-09-30
"FHC - Domestic",695,2003-09-30
"FBO as BHC",53,2003-09-30
"FHC - Foreign",30,2003-09-30
"SLHC",477,2003-12-31
"BHC",5219,2003-12-31
"FHC - Domestic",702,2003-12-31
"FBO as BHC",51,2003-12-31
"FHC - Foreign",29,2003-12-31
"SLHC",505,2004-03-31
"BHC",5211,2004-03-31
"FHC - Domestic",704,2004-03-31
"FBO as BHC",51,2004-03-31
"FHC - Foreign",32,2004-03-31
"SLHC",510,2004-06-30
"BHC",5198,2004-06-30
"FHC - Domestic",711,2004-06-30
"FBO as BHC",50,2004-06-30
"FHC - Foreign",34,2004-06-30
"SLHC",520,2004-09-30
"BHC",5187,2004-09-30
"FHC - Domestic",713,2004-09-30
"FBO as BHC",50,2004-09-30
"FHC - Foreign",33,2004-09-30
"SLHC",528,2004-12-31
"BHC",5170,2004-12-31
"FHC - Domestic",715,2004-12-31
"FBO as BHC",53,2004-12-31
"FHC - Foreign",33,2004-12-31
"SLHC",542,2005-03-31
"BHC",5154,2005-03-31
"FHC - Domestic",711,2005-03-31
"FBO as BHC",53,2005-03-31
"FHC - Foreign",32,2005-03-31
"SLHC",552,2005-06-30
"BHC",5172,2005-06-30
"FHC - Domestic",712,2005-06-30
"FBO as BHC",53,2005-06-30
"FHC - Foreign",32,2005-06-30
"SLHC",561,2005-09-30
"BHC",5184,2005-09-30
"FHC - Domestic",713,2005-09-30
"FBO as BHC",49,2005-09-30
"FHC - Foreign",32,2005-09-30
"SLHC",565,2005-12-31
"BHC",5185,2005-12-31
"FHC - Domestic",694,2005-12-31
"FBO as BHC",47,2005-12-31
"FHC - Foreign",34,2005-12-31
"SLHC",575,2006-03-31
"BHC",5162,2006-03-31
"FHC - Domestic",692,2006-03-31
"FBO as BHC",55,2006-03-31
"FHC - Foreign",33,2006-03-31
"SLHC",591,2006-06-30
"BHC",5156,2006-06-30
"FHC - Domestic",695,2006-06-30
"FBO as BHC",54,2006-06-30
"FHC - Foreign",33,2006-06-30
"SLHC",608,2006-09-30
"BHC",5164,2006-09-30
"FHC - Domestic",701,2006-09-30
"FBO as BHC",52,2006-09-30
"FHC - Foreign",35,2006-09-30
"SLHC",615,2006-12-31
"BHC",5126,2006-12-31
"FHC - Domestic",711,2006-12-31
"FBO as BHC",50,2006-12-31
"FHC - Foreign",40,2006-12-31
"SLHC",623,2007-03-31
"BHC",5118,2007-03-31
"FHC - Domestic",709,2007-03-31
"FBO as BHC",50,2007-03-31
"FHC - Foreign",40,2007-03-31
"SLHC",637,2007-06-30
"BHC",5115,2007-06-30
"FHC - Domestic",708,2007-06-30
"FBO as BHC",51,2007-06-30
"FHC - Foreign",41,2007-06-30
"SLHC",646,2007-09-30
"BHC",5100,2007-09-30
"FHC - Domestic",710,2007-09-30
"FBO as BHC",51,2007-09-30
"FHC - Foreign",41,2007-09-30
"SLHC",666,2007-12-31
"BHC",5099,2007-12-31
"FHC - Domestic",709,2007-12-31
"FBO as BHC",52,2007-12-31
"FHC - Foreign",41,2007-12-31
"SLHC",677,2008-03-31
"BHC",5066,2008-03-31
"FHC - Domestic",694,2008-03-31
"FBO as BHC",52,2008-03-31
"FHC - Foreign",43,2008-03-31
"SLHC",686,2008-06-30
"BHC",5052,2008-06-30
"FHC - Domestic",683,2008-06-30
"FBO as BHC",52,2008-06-30
"FHC - Foreign",44,2008-06-30
"SLHC",698,2008-09-30
"BHC",5046,2008-09-30
"FHC - Domestic",680,2008-09-30
"FBO as BHC",52,2008-09-30
"FHC - Foreign",44,2008-09-30
"SLHC",703,2008-12-31
"BHC",5007,2008-12-31
"FHC - Domestic",671,2008-12-31
"FHC - Foreign",49,2008-12-31
"FBO as BHC",49,2008-12-31
"SLHC",717,2009-03-31
"BHC",5021,2009-03-31
"FHC - Domestic",644,2009-03-31
"FHC - Foreign",49,2009-03-31
"FBO as BHC",49,2009-03-31
"SLHC",723,2009-06-30
"BHC",5021,2009-06-30
"FHC - Domestic",623,2009-06-30
"FHC - Foreign",47,2009-06-30
"FBO as BHC",51,2009-06-30
"SLHC",728,2009-09-30
"BHC",5000,2009-09-30
"FHC - Domestic",606,2009-09-30
"FHC - Foreign",47,2009-09-30
"FBO as BHC",48,2009-09-30
"SLHC",740,2009-12-31
"BHC",4982,2009-12-31
"FHC - Domestic",575,2009-12-31
"FHC - Foreign",47,2009-12-31
"FBO as BHC",48,2009-12-31
"SLHC",746,2010-03-31
"BHC",4975,2010-03-31
"FHC - Domestic",545,2010-03-31
"FHC - Foreign",45,2010-03-31
"FBO as BHC",50,2010-03-31
"SLHC",768,2010-06-30
"BHC",4929,2010-06-30
"FHC - Domestic",542,2010-06-30
"FHC - Foreign",46,2010-06-30
"FBO as BHC",50,2010-06-30
"SLHC",784,2010-09-30
"BHC",4924,2010-09-30
"FHC - Domestic",524,2010-09-30
"FHC - Foreign",46,2010-09-30
"FBO as BHC",50,2010-09-30
"SLHC",800,2010-12-31
"BHC",4878,2010-12-31
"FHC - Domestic",510,2010-12-31
"FHC - Foreign",46,2010-12-31
"FBO as BHC",48,2010-12-31
"SLHC",808,2011-03-31
"BHC",4840,2011-03-31
"FHC - Domestic",506,2011-03-31
"FHC - Foreign",46,2011-03-31
"FBO as BHC",50,2011-03-31
"SLHC",805,2011-06-30
"BHC",4818,2011-06-30
"FHC - Domestic",502,2011-06-30
"FHC - Foreign",46,2011-06-30
"FBO as BHC",51,2011-06-30
"SLHC",806,2011-09-30
"BHC",4801,2011-09-30
"FHC - Domestic",494,2011-09-30
"FHC - Foreign",46,2011-09-30
"FBO as BHC",51,2011-09-30
"SLHC",800,2011-12-31
"BHC",4772,2011-12-31
"FHC - Domestic",492,2011-12-31
"FHC - Foreign",46,2011-12-31
"FBO as BHC",52,2011-12-31
"SLHC",761,2012-03-31
"BHC",4767,2012-03-31
"FHC - Domestic",483,2012-03-31
"FHC - Foreign",46,2012-03-31
"FBO as BHC",52,2012-03-31
"BHC",4745,2012-06-30
"FHC - Domestic",486,2012-06-30
"SLHC",745,2012-06-30
"FHC - Foreign",45,2012-06-30
"FBO as BHC",51,2012-06-30
"BHC",4707,2012-09-30
"FHC - Domestic",486,2012-09-30
"SLHC",726,2012-09-30
"FHC - Foreign",45,2012-09-30
"FBO as BHC",53,2012-09-30
"BHC",4635,2012-12-31
"FHC - Domestic",489,2012-12-31
"SLHC",668,2012-12-31
"FHC - Foreign",45,2012-12-31
"FBO as BHC",52,2012-12-31
"BHC",4621,2013-03-31
"FHC - Domestic",486,2013-03-31
"SLHC",653,2013-03-31
"FHC - Foreign",45,2013-03-31
"FBO as BHC",52,2013-03-31
"BHC",4578,2013-06-30
"FHC - Domestic",490,2013-06-30
"SLHC",641,2013-06-30
"FHC - Foreign",47,2013-06-30
"FBO as BHC",50,2013-06-30
"BHC",4550,2013-09-30
"FHC - Domestic",492,2013-09-30
"SLHC",628,2013-09-30
"FHC - Foreign",47,2013-09-30
"FBO as BHC",51,2013-09-30
"BHC",4508,2013-12-31
"FHC - Domestic",494,2013-12-31
"SLHC",592,2013-12-31
"FHC - Foreign",47,2013-12-31
"FBO as BHC",56,2013-12-31
"BHC",4471,2014-03-31
"FHC - Domestic",495,2014-03-31
"SLHC",587,2014-03-31
"FHC - Foreign",47,2014-03-31
"FBO as BHC",55,2014-03-31
"BHC",4431,2014-06-30
"FHC - Domestic",498,2014-06-30
"SLHC",560,2014-06-30
"FHC - Foreign",47,2014-06-30
"FBO as BHC",54,2014-06-30
"BHC",4384,2014-09-30
"FHC - Domestic",496,2014-09-30
"SLHC",555,2014-09-30
"FHC - Foreign",47,2014-09-30
"FBO as BHC",42,2014-09-30
"BHC",4343,2014-12-31
"FHC - Domestic",498,2014-12-31
"SLHC",527,2014-12-31
"FHC - Foreign",47,2014-12-31
"FBO as BHC",40,2014-12-31
"BHC",4294,2015-03-31
"FHC - Domestic",497,2015-03-31
"SLHC",511,2015-03-31
"FHC - Foreign",45,2015-03-31
"FBO as BHC",40,2015-03-31
"BHC",4248,2015-06-30
"FHC - Domestic",499,2015-06-30
"SLHC",500,2015-06-30
"FHC - Foreign",45,2015-06-30
"FBO as BHC",40,2015-06-30
"BHC",4200,2015-09-30
"FHC - Domestic",504,2015-09-30
"SLHC",489,2015-09-30
"FHC - Foreign",45,2015-09-30
"FBO as BHC",39,2015-09-30
"BHC",4156,2015-12-31
"FHC - Domestic",509,2015-12-31
"SLHC",466,2015-12-31
"FHC - Foreign",47,2015-12-31
"FBO as BHC",36,2015-12-31
"BHC",4134,2016-03-31
"FHC - Domestic",514,2016-03-31
"SLHC",460,2016-03-31
"FHC - Foreign",47,2016-03-31
"FBO as BHC",37,2016-03-31
"BHC",4090,2016-06-30
"FHC - Domestic",525,2016-06-30
"SLHC",454,2016-06-30
"FHC - Foreign",47,2016-06-30
"FBO as BHC",37,2016-06-30
"BHC",4041,2016-09-30
"FHC - Domestic",526,2016-09-30
"SLHC",442,2016-09-30
"IHC",12,2016-09-30
"FBO as BHC",37,2016-09-30
"FHC - Foreign",46,2016-09-30
"BHC",3997,2016-12-31
"FHC - Domestic",534,2016-12-31
"SLHC",435,2016-12-31
"IHC",12,2016-12-31
"FBO as BHC",37,2016-12-31
"FHC - Foreign",46,2016-12-31
